91,admin,0x01f8b512C5f21B182A0fE622B44A306e56513aA6
1,Alpha,0xa97f5B43A96EC04509B595C7804ADc3C718a7045
2,Bravo,0x42c0d15A0B4Df8C313E1B51b65e2C464931CE9bF
3,Charlie,0xAe2139390Dc985d24f5688baE7c945E5acbae120
4,Delta,0x4F602F421910002210c2d00eE5438449e90e21dE
6,Foxtrot,0xF52C9762466ddADa6bf5aaBB1F51b6399F538119
7,Golf,0x61BfFC8fFFd96031e5dF7045c9F45fd6da1d234a
8,Hotel,0xfD7dF0e0E1Df7dC2d0a356536C73B01651241625
9,India,0xE6CC66ffc66934E046AfF425465EB92Fdd549191
11,Kilo,0xDc1f1342CfF48E3f88A3B3595288785d16368ef7
12,Lima,0xdbDFa1967442538336Cf2eC5509aB5dcaF8796df
13,Mike,0x8c85B088200Df6B72b1E1907D6242aFE75430D45
14,November,0xa32e7ed5B813a544c07b507DE09623790591D851
15,Oscar,0xF7F3130430088DAdc887C0030EA62E5844B1CbfA
16,Papa,0xf976Fc22266A12EC22f9f3e86ED85Dd924aB2c0D
17,Quebec,0x3B69A61108a1cEA4f985D3Bae545B7505ee2e97A
31,Eclipse,0x5736e0CeEb9252E8Ef2e7cc2A6E13C630a664197
32,Falcon,0xc10673621F53d448cb5376A8aF5Ad826C6135712
34,Horizon,0xf1Dcd3Ac1e01A50592c69F69E7f0826021a5fb8E
36,Jaguar,0xfE05d7677915B44ded170Ae7c259B75eb33a33E3
37,Krypton,0xf53E80A9fC7Cda8118E778dF7E87E751444C0736
39,Maverick,0x8839D84d31938da051Ac63648828C73d629fAE4D
40,Nebula,0xE7203e7c8d3A0b11D298f0D20A61Ccb18e09836c
41,Odyssey,0xC27572fBCc15473213620A963320Aa2F44f0d8D4
42,Panther,0xde802EcA10200C2B00EA234a6e1495f49702A7D2
43,Quantum,0x6217229F9a45fd9243693A6DC42EE8071175e5a9
44,Raptor,0x0E749cB4F6906624B1028c56DD5c4FF3F67BE8D1
45,Solaris,0xb70E7EF50952E156Cb6B9e8A1c98453D1AC6FE81
46,Thunder,0x00D1A942c711CA3ab87df7507f667e7929682Bcc
47,Utopia,0x71F23a280245B05f5d54Ad56dd06EC5d4f9E6ef2
48,Vortex,0x4a3Ca0f849876cE6e5F0DC4F6AD580bbF3699520
61,Kodiak,0xD9eB575DE0782967332dcd553b839732125B675B
62,Leviathan,0x67a07e65ed5eEC15a8DA61e7915234B2224649A0
64,Nemesis,0x5bc7794f7EE24Ca61aBA27123453972392917e3E
65,Omega,0xB6A8aCa3E76204A5f6a9BE3339b1b256418Ea25F
66,Phoenix,0xff4E7FAf3dCfF3d927291C99b5d4A0FdAD3Bb74D
67,Quasar,0x9599ff55F8f39EcBA62f4AfE2bBc673236Ba5704
68,Renegade,0xEdd011b05d4F8D73EE1EEDde342bc15060e5a92B
69,Serpent,0x3169DEc787A4f29905198C8BD52689E8A9Be6Fd1
70,Titan,0x0032D9ffdb4Bb45923484B42e0eaaa2BaB307C5d
71,Unity,0x22ba2e02c17f29a05ea2a7b842292c85af371e94
72,Vanguard,0x37eb8e4eeaafc64d30c2ce02ce81956d5626097f
73,Wolfpack,0xc34e3f8953e4ca0b2ca0a65e25afaede429c27fd
74,Xenon,0x1a0b4dfcb4a492925677d98eb4a1c5fa8b534cf9
75,Zenith,0x5e15a65fcccb21dc572604ea418f8a0a47cc8228
76,Aegis,0xa24c3af973d39be3d91f42ca8b2a57c6ed8d13fc